feature,importance
Bound_Encoded,0.25575733113125
Hour,0.1830828457934927
Day_Of_Week_Encoded,0.11628070885737123
Station_Avg_Delay,0.11401185515516873
Season_Encoded,0.10699866969020505
Station_Std_Delay,0.0819443021443595
Station_Encoded,0.06545851600938102
Time_Period_Encoded,0.03734915942381265
Is_Weekend,0.02082090490155905
Line_Encoded,0.018295706893400068
