feature,importance
Bound_Encoded,0.6833410266014477
Station_Avg_Delay,0.12297588241482489
Station_Std_Delay,0.05215346633150143
Line_Encoded,0.041566126155944155
Hour,0.038135483022004014
Station_Encoded,0.023149714684057743
Time_Period_Encoded,0.012852371419594602
Day_Of_Week_Encoded,0.012145345425877484
Season_Encoded,0.009241686676808188
Is_Weekend,0.004438897267939694
